ID;BOOK_ID;CUSTOMER_ID
1;38;556
2;52;818
3;19;647
4;67;36
5;69;326
6;65;92
7;44;170
8;42;683
9;42;688
10;51;329
11;47;475
12;73;867
13;61;537
14;6;822
15;63;664
16;59;620
17;75;474
18;38;785
19;34;57
20;54;808
21;36;187
22;57;515
23;66;54
24;39;208
25;42;766
26;62;309
27;53;785
28;31;833
29;28;392
30;14;405
31;2;136
32;22;687
33;72;636
34;17;216
35;42;400
36;15;608
37;71;697
38;73;697
39;55;628
40;57;62
41;58;952
42;10;809
43;14;762
44;75;307
45;28;443
46;26;195
47;66;853
48;61;677
49;26;483
50;26;177
51;13;851
52;4;949
53;4;407
54;15;996
55;75;361
56;25;892
57;53;665
58;7;348
59;59;495
60;66;185
61;6;355
62;69;506
63;43;866
64;34;490
65;39;529
66;69;198
67;76;879
68;62;879
69;8;264
70;1;151
71;60;739
72;8;446
73;73;349
74;40;345
75;59;150
76;24;376
77;39;851
78;47;635
79;73;940
80;2;333
81;74;547
82;44;332
83;21;161
84;41;204
85;31;369
86;62;864
87;25;4
88;51;492
89;70;185
90;26;608
91;60;13
92;76;606
93;69;319
94;11;343
95;22;639
96;76;661
97;0;200
98;72;964
99;48;311
100;15;394
101;29;872
102;21;628
103;7;330
104;41;831
105;35;958
106;62;344
107;73;510
108;42;698
109;64;290
110;59;545
111;60;305
112;71;741
113;40;374
114;39;179
115;24;984
116;59;449
117;63;55
118;70;288
119;31;27
120;40;721
121;33;17
122;30;269
123;14;740
124;55;709
125;4;664
126;35;857
127;35;331
128;43;65
129;27;243
130;47;595
131;9;109
132;59;540
133;3;899
134;5;667
135;13;408
136;30;574
137;57;806
138;45;425
139;56;36
140;23;918
141;14;975
142;77;789
143;75;10
144;7;979
145;17;194
146;17;529
147;1;17
148;29;612
149;57;831
150;54;380
151;5;340
152;22;748
153;24;936
154;0;602
155;24;558
156;28;850
157;55;312
158;18;133
159;76;375
160;33;757
161;44;723
162;59;114
163;43;426
164;16;422
165;77;665
166;38;841
167;3;682
168;59;369
169;37;973
170;33;671
171;5;946
172;10;43
173;60;581
174;78;219
175;77;466
176;24;865
177;66;550
178;58;453
179;59;740
180;38;182
181;11;211
182;66;472
183;24;822
184;39;850
185;55;34
186;37;793
187;28;991
188;75;329
189;6;519
190;74;567
191;77;211
192;48;506
193;51;302
194;51;351
195;68;311
196;61;522
197;60;118
198;40;657
199;12;636
200;34;920
201;28;884
202;31;19
203;20;24
204;4;432
205;7;711
206;39;518
207;27;217
208;20;97
209;67;431
210;78;120
211;61;405
212;22;517
213;46;261
214;23;818
215;29;833
216;68;62
217;67;495
218;5;780
219;63;743
220;30;942
221;77;672
222;25;898
223;66;326
224;52;361
225;51;282
226;3;484
227;1;266
228;7;753
229;29;189
230;46;105
231;62;323
232;68;136
233;72;477
234;35;272
235;59;589
236;61;994
237;24;59
238;33;878
239;6;133
240;38;272
241;23;671
242;5;530
243;21;892
244;37;100
245;68;707
246;53;388
247;19;738
248;8;598
249;24;895
250;6;768
251;28;527
252;75;15
253;32;680
254;56;571
255;11;95
256;29;197
257;77;875
258;58;270
259;51;507
260;33;653
261;12;316
262;29;852
263;24;969
264;77;735
265;72;675
266;25;885
267;76;487
268;47;865
269;48;907
270;1;483
271;21;791
272;74;786
273;73;358
274;37;917
275;56;600
276;38;503
277;46;808
278;67;480
279;1;394
280;0;531
281;17;361
282;0;82
283;3;6
284;33;141
285;22;378
286;28;775
287;47;851
288;41;932
289;7;62
290;54;972
291;75;10
292;49;588
293;23;831
294;61;970
295;62;787
296;71;540
297;24;860
298;40;755
299;63;540
300;31;429
301;22;619
302;6;90
303;35;615
304;12;396
305;31;480
306;4;699
307;36;95
308;0;769
309;7;962
310;17;373
311;5;663
312;6;936
313;0;432
314;32;247
315;52;618
316;48;417
317;19;708
318;33;137
319;47;296
320;15;445
321;33;855
322;36;844
323;69;466
324;5;707
325;74;816
326;3;660
327;71;124
328;11;80
329;24;574
330;34;866
331;22;13
332;34;437
333;35;50
334;69;713
335;63;728
336;0;885
337;55;674
338;15;642
339;0;839
340;6;213
341;71;148
342;65;146
343;44;203
344;75;512
345;10;781
346;35;601
347;38;14
348;16;23
349;8;243
350;42;607
351;55;64
352;2;61
353;53;427
354;29;226
355;4;631
356;20;493
357;69;455
358;58;512
359;60;731
360;53;784
361;78;887
362;16;474
363;12;643
364;55;332
365;37;75
366;61;849
367;78;884
368;59;82
369;49;229
370;46;958
371;43;44
372;20;886
373;41;135
374;32;600
375;12;100
376;73;812
377;17;965
378;21;625
379;49;882
380;31;691
381;52;206
382;70;814
383;74;797
384;30;215
385;16;789
386;16;832
387;46;539
388;28;359
389;14;82
390;3;504
391;57;251
392;72;207
393;72;476
394;1;312
395;78;1000
396;52;711
397;29;947
398;70;588
399;59;959
400;57;196
401;70;134
402;69;115
403;31;848
404;63;386
405;9;927
406;74;148
407;37;654
408;74;656
409;18;113
410;62;683
411;39;959
412;45;600
413;26;549
414;64;701
415;19;337
416;18;419
417;59;99
418;37;109
419;25;191
420;64;651
421;55;401
422;48;789
423;35;268
424;53;521
425;36;335
426;30;990
427;20;400
428;61;106
429;65;439
430;54;933
431;62;701
432;44;761
433;43;844
434;20;430
435;15;445
436;29;199
437;23;114
438;68;416
439;49;53
440;78;305
441;71;482
442;33;294
443;71;448
444;17;474
445;33;392
446;74;740
447;55;758
448;4;181
449;9;275
450;69;432
451;19;917
452;48;565
453;21;213
454;15;760
455;75;865
456;3;80
457;51;594
458;72;311
459;50;296
460;58;455
461;39;674
462;69;828
463;76;113
464;73;994
465;40;112
466;29;196
467;27;25
468;35;971
469;62;423
470;26;209
471;14;483
472;44;680
473;32;463
474;33;8
475;61;159
476;0;615
477;10;70
478;16;1000
479;4;893
480;0;638
481;23;520
482;54;794
483;8;181
484;63;361
485;56;508
486;2;164
487;40;554
488;19;852
489;45;456
490;50;23
491;62;825
492;9;558
493;45;470
494;23;4
495;49;892
496;25;556
497;70;873
498;42;448
499;34;253
500;51;199
501;56;504
502;39;452
503;57;211
504;13;773
505;13;838
506;61;748
507;63;260
508;58;991
509;36;146
510;59;583
511;48;944
512;71;400
513;41;122
514;32;929
515;4;355
516;53;15
517;30;716
518;9;945
519;5;429
520;19;616
521;30;961
522;73;455
523;76;728
524;33;148
525;3;942
526;52;753
527;61;586
528;42;923
529;9;419
530;42;319
531;33;200
532;47;968
533;35;294
534;73;380
535;59;631
536;17;692
537;19;528
538;5;235
539;48;376
540;37;489
541;45;461
542;45;869
543;43;971
544;60;648
545;67;243
546;11;13
547;67;107
548;39;985
549;48;83
550;3;215
551;45;178
552;60;505
553;76;88
554;69;142
555;21;396
556;8;809
557;22;424
558;40;340
559;4;793
560;3;771
561;73;310
562;35;61
563;21;835
564;13;678
565;16;487
566;18;838
567;43;84
568;44;3
569;44;906
570;64;848
571;48;414
572;39;215
573;27;819
574;52;979
575;42;66
576;47;544
577;8;417
578;42;279
579;61;424
580;70;693
581;37;15
582;50;425
583;58;974
584;63;636
585;30;395
586;61;374
587;5;123
588;8;788
589;41;665
590;70;354
591;46;725
592;73;43
593;5;677
594;20;248
595;61;155
596;52;519
597;74;135
598;46;356
599;72;289
600;70;77
601;32;824
602;53;833
603;62;355
604;40;350
605;64;170
606;9;932
607;31;100
608;17;761
609;19;846
610;73;957
611;36;542
612;35;81
613;25;421
614;48;160
615;43;39
616;68;87
617;0;979
618;51;283
619;11;797
620;53;749
621;20;953
622;68;394
623;10;597
624;65;306
625;37;227
626;8;174
627;18;481
628;22;506
629;7;361
630;11;567
631;26;232
632;21;377
633;43;455
634;55;459
635;18;82
636;49;496
637;36;832
638;46;523
639;65;870
640;53;216
641;64;498
642;74;704
643;38;308
644;37;284
645;0;955
646;7;666
647;39;184
648;30;298
649;33;188
650;26;591
651;17;434
652;61;992
653;42;853
654;53;262
655;10;716
656;27;965
657;14;975
658;7;759
659;70;39
660;30;923
661;54;283
662;74;430
663;24;641
664;32;490
665;38;408
666;54;817
667;9;348
668;5;214
669;57;651
670;69;893
671;5;980
672;35;771
673;78;339
674;48;943
675;2;269
676;55;907
677;39;360
678;3;249
679;75;894
680;21;474
681;29;735
682;53;891
683;24;69
684;77;349
685;66;343
686;16;997
687;62;726
688;50;137
689;70;309
690;15;480
691;1;686
692;14;50
693;36;612
694;10;638
695;30;162
696;2;290
697;43;767
698;65;525
699;15;419
700;9;42
701;9;21
702;13;241
703;22;624
704;61;785
705;59;622
706;11;872
707;46;352
708;40;508
709;52;533
710;12;855
711;13;617
712;12;884
713;1;703
714;2;720
715;44;727
716;48;528
717;39;841
718;10;663
719;74;514
720;61;348
721;64;886
722;2;799
723;38;398
724;24;227
725;29;77
726;16;524
727;28;297
728;60;312
729;18;94
730;19;584
731;61;42
732;1;78
733;22;818
734;8;111
735;76;662
736;67;188
737;27;267
738;54;31
739;54;950
740;5;318
741;47;424
742;55;382
743;10;466
744;2;640
745;58;347
746;70;252
747;3;381
748;74;394
749;38;547
750;35;648
751;8;820
752;35;972
753;58;175
754;12;885
755;9;41
756;14;121
757;68;560
758;67;488
759;11;309
760;27;614
761;11;608
762;56;212
763;74;521
764;78;290
765;10;463
766;25;442
767;8;567
768;5;73
769;16;944
770;9;912
771;58;195
772;33;387
773;65;285
774;40;467
775;29;46
776;1;182
777;55;573
778;67;944
779;11;395
780;75;660
781;58;685
782;64;860
783;54;987
784;43;507
785;19;504
786;77;406
787;19;309
788;18;538
789;39;802
790;76;306
791;75;750
792;78;574
793;38;623
794;9;788
795;20;722
796;22;930
797;67;938
798;41;85
799;62;404
800;50;262
801;67;635
802;31;997
803;21;816
804;47;544
805;73;146
806;67;48
807;64;795
808;41;759
809;27;564
810;54;364
811;32;520
812;61;909
813;40;874
814;29;686
815;68;170
816;24;531
817;12;252
818;6;149
819;55;234
820;69;519
821;0;834
822;55;442
823;53;99
824;60;172
825;1;529
826;26;269
827;6;335
828;34;694
829;33;22
830;49;972
831;63;519
832;11;52
833;27;711
834;14;766
835;28;946
836;20;357
837;78;989
838;58;816
839;48;250
840;48;843
841;58;643
842;13;528
843;51;235
844;44;375
845;44;372
846;20;715
847;55;333
848;55;453
849;30;950
850;21;912
851;67;39
852;10;631
853;35;496
854;41;851
855;4;658
856;72;452
857;61;337
858;48;28
859;23;854
860;71;238
861;55;99
862;36;917
863;78;202
864;59;562
865;36;997
866;10;265
867;43;552
868;32;144
869;42;223
870;56;505
871;35;953
872;63;49
873;75;228
874;40;72
875;32;483
876;76;109
877;7;709
878;19;560
879;73;124
880;23;830
881;14;919
882;43;110
883;58;751
884;6;567
885;43;902
886;6;0
887;75;909
888;58;131
889;14;328
890;39;378
891;34;945
892;55;257
893;39;92
894;39;207
895;64;293
896;65;998
897;20;885
898;14;291
899;0;212
900;9;759
901;35;81
902;45;106
903;71;903
904;78;906
905;19;321
906;74;605
907;71;37
908;20;709
909;22;990
910;15;170
911;38;609
912;26;592
913;70;568
914;9;848
915;64;262
916;54;726
917;45;843
918;37;236
919;13;231
920;46;425
921;74;653
922;36;58
923;20;169
924;12;280
925;14;308
926;27;435
927;65;58
928;41;458
929;74;985
930;23;742
931;75;574
932;53;393
933;61;839
934;60;151
935;72;778
936;18;956
937;78;840
938;26;724
939;28;253
940;74;251
941;51;283
942;77;132
943;68;476
944;18;179
945;40;777
946;71;9
947;18;116
948;22;171
949;22;824
950;14;206
951;43;48
952;17;874
953;10;970
954;63;17
955;13;76
956;16;10
957;36;569
958;64;334
959;44;391
960;67;178
961;57;138
962;31;617
963;27;759
964;54;161
965;3;120
966;74;90
967;9;524
968;71;735
969;46;666
970;50;413
971;4;256
972;55;557
973;73;337
974;4;357
975;42;4
976;20;831
977;61;488
978;13;524
979;32;358
980;20;358
981;63;263
982;30;538
983;19;127
984;58;839
985;10;153
986;54;38
987;74;748
988;59;491
989;73;698
990;4;855
991;55;711
992;22;146
993;66;901
994;10;694
995;78;834
996;31;410
997;4;98
998;48;0
999;52;820
1000;72;398
1001;27;66
1002;64;451
1003;14;358
1004;8;808
1005;46;470
1006;51;471
1007;70;121
1008;69;823
1009;7;601
1010;33;752
1011;78;850
1012;62;348
1013;45;135
1014;30;825
1015;73;393
1016;38;118
1017;67;808
1018;7;929
1019;68;155
1020;66;701
1021;31;239
1022;37;427
1023;61;309
1024;56;597
1025;44;717
1026;15;598
1027;17;633
1028;66;118
1029;24;489
1030;65;516
1031;39;812
1032;1;632
1033;18;746
1034;22;965
1035;26;503
1036;9;391
1037;71;148
1038;20;891
1039;60;647
1040;55;246
1041;70;598
1042;55;718
1043;76;304
1044;5;904
1045;59;620
1046;26;532
1047;33;240
1048;18;104
1049;20;200
1050;15;365
1051;15;484
1052;53;362
1053;36;198
1054;46;770
1055;61;174
1056;26;637
1057;51;455
1058;29;814
1059;12;482
1060;72;268
1061;3;160
1062;49;642
1063;6;765
1064;1;457
1065;10;513
1066;5;800
1067;44;995
1068;5;688
1069;9;308
1070;30;796
1071;72;781
1072;3;309
1073;44;617
1074;8;416
1075;17;666
1076;50;423
1077;1;408
1078;12;19
1079;10;829
1080;78;746
1081;37;568
1082;73;785
1083;18;908
1084;27;540
1085;38;832
1086;39;274
1087;27;823
1088;7;724
1089;1;144
1090;4;286
1091;73;99
1092;13;80
1093;8;798
1094;13;128
1095;52;318
1096;73;453
1097;25;853
1098;10;218
1099;6;874
1100;55;208
1101;28;80
1102;41;937
1103;62;640
1104;62;659
1105;17;612
1106;59;609
1107;36;382
1108;48;148
1109;63;10
1110;68;511
1111;58;770
1112;8;630
1113;74;506
1114;38;349
1115;78;43
1116;56;94
1117;45;682
1118;22;12
1119;32;301
1120;32;670
1121;38;331
1122;60;429
1123;77;805
1124;72;612
1125;32;960
1126;39;60
1127;5;939
1128;8;18
1129;59;779
1130;30;718
1131;49;894
1132;22;718
1133;51;967
1134;21;507
1135;74;12
1136;57;486
1137;12;631
1138;9;11
1139;31;294
1140;44;161
1141;61;961
1142;49;65
1143;68;392
1144;60;208
1145;3;272
1146;19;706
1147;58;801
1148;24;646
1149;69;319
1150;11;353
1151;45;464
1152;14;86
1153;28;428
1154;19;685
1155;22;876
1156;72;623
1157;70;267
1158;31;230
1159;6;314
1160;25;756
1161;41;707
1162;44;83
1163;71;544
1164;44;949
1165;3;104
1166;63;322
1167;59;682
1168;20;931
1169;61;37
1170;69;534
1171;65;275
1172;71;2
1173;46;669
1174;68;653
1175;32;333
1176;73;55
1177;68;454
1178;33;881
1179;58;786
1180;22;998
1181;50;673
1182;59;86
1183;56;66
1184;26;914
1185;55;933
1186;15;508
1187;39;221
1188;29;693
1189;38;156
1190;24;250
1191;4;282
1192;39;167
1193;35;872
1194;15;109
1195;2;905
1196;31;33
1197;9;783
1198;49;570
1199;54;411
1200;3;766
1201;41;438
1202;37;414
1203;4;529
1204;48;292
1205;2;809
1206;10;716
1207;9;408
1208;8;102
1209;56;596
1210;73;42
1211;55;394
1212;30;93
1213;51;309
1214;34;905
1215;36;993
1216;78;953
1217;18;831
1218;23;325
1219;66;711
1220;74;557
1221;5;280
1222;63;497
1223;19;555
1224;40;257
1225;73;119
1226;37;129
1227;50;798
1228;10;196
1229;70;830
1230;21;942
1231;57;740
1232;49;875
1233;65;139
1234;39;894
1235;56;746
1236;1;440
1237;0;439
1238;16;297
1239;14;949
1240;56;793
1241;63;75
1242;66;710
1243;22;55
1244;61;541
1245;12;767
1246;59;29
1247;77;339
1248;66;790
1249;25;416
1250;73;278
1251;9;763
1252;78;969
1253;50;172
1254;51;798
1255;19;32
1256;45;991
1257;23;306
1258;50;224
1259;5;51
1260;73;767
1261;34;609
1262;59;281
1263;62;211
1264;52;955
1265;77;202
1266;55;830
1267;19;46
1268;2;611
1269;3;610
1270;34;157
1271;29;722
1272;18;866
1273;5;599
1274;41;757
1275;36;493
1276;65;512
1277;52;379
1278;31;84
1279;7;133
1280;29;995
1281;5;418
1282;62;300
1283;52;961
1284;8;739
1285;57;279
1286;29;976
1287;66;470
1288;11;655
1289;66;731
1290;28;784
1291;8;750
1292;78;670
1293;65;476
1294;37;750
1295;2;17
1296;68;63
1297;73;198
1298;75;725
1299;22;243
1300;52;724
1301;42;545
1302;24;868
1303;40;448
1304;25;831
1305;68;609
1306;30;312
1307;9;754
1308;35;622
1309;27;623
1310;0;710
1311;20;850
1312;22;800
1313;58;917
1314;17;759
1315;24;66
1316;30;561
1317;48;962
1318;8;216
1319;57;479
1320;63;620
1321;34;301
1322;49;50
1323;9;917
1324;35;847
1325;31;852
1326;43;797
1327;2;667
1328;25;534
1329;65;943
1330;25;947
1331;54;596
1332;48;54
1333;2;78
1334;78;715
1335;67;132
1336;22;889
1337;20;79
1338;73;11
1339;3;463
1340;26;80
1341;25;423
1342;46;718
1343;56;69
1344;54;433
1345;47;940
1346;15;530
1347;19;105
1348;37;294
1349;28;468
1350;11;101
1351;73;668
1352;45;385
1353;48;532
1354;24;215
1355;53;784
1356;67;508
1357;51;297
1358;58;615
1359;19;707
1360;78;12
1361;37;93
1362;45;221
1363;8;523
1364;18;396
1365;34;817
1366;47;672
1367;38;633
1368;31;422
1369;76;893
1370;6;823
1371;46;760
1372;63;705
1373;42;63
1374;42;361
1375;69;550
1376;15;685
1377;6;679
1378;2;940
1379;35;993
1380;77;329
1381;38;521
1382;2;596
1383;10;323
1384;77;669
1385;43;926
1386;11;894
1387;52;346
1388;19;748
1389;64;303
1390;33;779
1391;13;561
1392;47;806
1393;1;319
1394;57;482
1395;9;529
1396;27;201
1397;57;108
1398;57;906
1399;73;619
1400;31;331
1401;61;803
1402;7;22
1403;0;510
1404;24;955
1405;54;691
1406;73;468
1407;10;816
1408;50;26
1409;32;686
1410;25;896
1411;52;846
1412;20;465
1413;71;981
1414;55;131
1415;13;45
1416;33;832
1417;21;988
1418;64;711
1419;19;547
1420;6;160
1421;73;444
1422;48;755
1423;36;819
1424;69;530
1425;41;560
1426;62;63
1427;75;105
1428;36;989
1429;64;604
1430;12;433
1431;71;315
1432;47;745
1433;64;870
1434;50;113
1435;38;483
1436;53;914
1437;29;840
1438;73;843
1439;67;457
1440;15;769
1441;4;565
1442;36;765
1443;58;801
1444;21;486
1445;27;848
1446;66;853
1447;71;868
1448;74;849
1449;0;277
1450;12;876
1451;6;846
1452;52;330
1453;73;167
1454;68;979
1455;38;910
1456;5;26
1457;43;876
1458;15;895
1459;46;557
1460;54;410
1461;41;254
1462;72;743
1463;48;755
1464;27;688
1465;19;152
1466;64;153
1467;69;300
1468;28;126
1469;61;101
1470;67;359
1471;32;609
1472;6;208
1473;23;420
1474;3;873
1475;51;627
1476;41;770
1477;27;766
1478;47;312
1479;29;303
1480;50;444
1481;67;295
1482;1;543
1483;58;663
1484;41;342
1485;52;912
1486;78;979
1487;15;856
1488;7;677
1489;77;976
1490;11;181
1491;35;677
1492;46;480
1493;3;762
1494;54;573
1495;35;287
1496;56;147
1497;53;38
1498;54;385
1499;41;285
1500;36;518
1501;75;988
1502;71;849
1503;14;978
1504;50;314
1505;56;438
1506;22;580
1507;25;523
1508;15;705
1509;70;979
1510;24;881
1511;58;838
1512;41;496
1513;5;549
1514;7;665
1515;22;886
1516;21;817
1517;9;250
1518;59;69
1519;65;603
1520;44;793
1521;74;57
1522;52;993
1523;20;937
1524;58;635
1525;7;841
1526;7;969
1527;26;252
1528;63;274
1529;35;738
1530;3;441
1531;33;857
1532;8;115
1533;13;824
1534;14;55
1535;21;323
1536;37;619
1537;7;549
1538;10;80
1539;44;592
1540;24;350
1541;41;536
1542;60;676
1543;70;683
1544;77;673
1545;57;682
1546;22;321
1547;26;399
1548;48;253
1549;59;399
1550;40;248
1551;53;677
1552;69;714
1553;24;327
1554;1;511
1555;43;204
1556;17;981
1557;14;400
1558;44;490
1559;13;386
1560;24;686
1561;24;252
1562;43;808
1563;22;237
1564;15;295
1565;50;526
1566;54;116
1567;27;248
1568;38;703
1569;27;720
1570;70;327
1571;6;160
1572;19;46
1573;58;45
1574;18;362
1575;7;179
1576;10;494
1577;60;513
1578;21;428
1579;32;684
1580;9;675
1581;74;957
1582;12;98
1583;74;654
1584;60;366
1585;10;762
1586;15;301
1587;65;534
1588;53;873
1589;67;914
1590;51;694
1591;16;348
1592;49;902
1593;40;628
1594;28;641
1595;50;928
1596;26;352
1597;64;355
1598;64;25
1599;56;572
1600;53;565
1601;72;59
1602;10;755
1603;73;494
1604;31;435
1605;74;99
1606;64;327
1607;61;787
1608;13;926
1609;9;236
1610;20;162
1611;26;133
1612;64;577
1613;27;435
1614;42;571
1615;68;505
1616;21;467
1617;22;47
1618;26;4
1619;55;483
1620;59;528
1621;50;548
1622;77;21
1623;24;195
1624;56;89
1625;2;849
1626;51;883
1627;74;685
1628;22;629
1629;17;528
1630;57;29
1631;39;326
1632;74;68
1633;50;820
1634;48;860
1635;70;202
1636;15;510
1637;43;413
1638;73;665
1639;33;113
1640;69;203
1641;2;630
1642;22;754
1643;36;100
1644;67;284
1645;29;23
1646;75;503
1647;48;893
1648;43;820
1649;64;772
1650;52;848
1651;62;437
1652;67;244
1653;32;126
1654;34;765
1655;30;217
1656;41;368
1657;72;121
1658;32;936
1659;61;59
1660;58;0
1661;12;365
1662;0;431
1663;3;777
1664;16;173
1665;59;78
1666;15;192
1667;43;547
1668;28;71
1669;43;343
1670;8;624
1671;58;401
1672;47;222
1673;53;296
1674;48;962
1675;13;285
1676;24;343
1677;63;499
1678;16;862
1679;18;136
1680;61;227
1681;6;439
1682;26;674
1683;21;277
1684;46;411
1685;56;13
1686;54;976
1687;46;619
1688;46;784
1689;26;144
1690;7;358
1691;71;904
1692;4;127
1693;21;97
1694;43;755
1695;31;272
1696;8;978
1697;15;958
1698;33;38
1699;15;110
1700;33;340
1701;41;853
1702;0;140
1703;9;289
1704;5;697
1705;19;587
1706;78;616
1707;42;683
1708;36;411
1709;30;263
1710;77;714
1711;10;245
1712;64;717
1713;8;871
1714;49;681
1715;4;240
1716;46;438
1717;63;331
1718;28;893
1719;18;194
1720;11;412
1721;9;920
1722;34;339
1723;40;650
1724;56;66
1725;17;179
1726;21;516
1727;73;788
1728;39;436
1729;40;12
1730;35;348
1731;43;486
1732;40;610
1733;19;204
1734;62;400
1735;47;957
1736;47;624
1737;29;865
1738;14;113
1739;23;803
1740;9;261
1741;47;500
1742;33;745
1743;76;139
1744;78;238
1745;11;831
1746;37;518
1747;68;82
1748;8;85
1749;47;923
1750;12;30
1751;10;600
1752;66;701
1753;39;310
1754;40;746
1755;30;839
1756;50;435
1757;19;768
1758;52;674
1759;78;112
1760;68;639
1761;59;758
1762;49;725
1763;30;908
1764;77;140
1765;0;608
1766;30;947
1767;56;478
1768;58;361
1769;37;620
1770;33;582
1771;16;861
1772;16;23
1773;37;139
1774;39;635
1775;41;533
1776;7;621
1777;2;161
1778;12;603
1779;39;831
1780;46;733
1781;63;615
1782;71;16
1783;73;66
1784;11;577
1785;11;536
1786;63;654
1787;33;554
1788;71;47
1789;28;375
1790;39;753
1791;75;270
1792;76;746
1793;56;923
1794;6;707
1795;51;980
1796;3;240
1797;65;569
1798;37;486
1799;24;59
1800;40;773
1801;25;786
1802;36;375
1803;48;772
1804;0;476
1805;33;96
1806;48;821
1807;25;912
1808;50;917
1809;69;976
1810;50;484
1811;78;290
1812;76;555
1813;54;397
1814;21;231
1815;69;203
1816;33;200
1817;18;129
1818;71;171
1819;60;101
1820;27;298
1821;19;679
1822;4;104
1823;49;872
1824;65;250
1825;61;47
1826;55;435
1827;45;556
1828;59;219
1829;5;362
1830;11;786
1831;30;235
1832;12;173
1833;36;49
1834;4;662
1835;68;273
1836;56;146
1837;72;80
1838;55;476
1839;5;393
1840;50;934
1841;58;422
1842;4;808
1843;37;91
1844;39;808
1845;13;705
1846;22;446
1847;57;933
1848;37;637
1849;17;93
1850;63;764
1851;27;319
1852;11;562
1853;33;114
1854;23;605
1855;15;98
1856;25;852
1857;14;203
1858;23;447
1859;72;511
1860;45;587
1861;7;827
1862;8;782
1863;6;633
1864;60;995
1865;66;689
1866;65;822
1867;27;917
1868;65;348
1869;20;980
1870;61;195
1871;71;897
1872;46;67
1873;45;802
1874;39;344
1875;70;307
1876;58;905
1877;7;398
1878;42;335
1879;31;829
1880;37;608
1881;63;617
1882;67;828
1883;70;111
1884;74;100
1885;3;964
1886;23;141
1887;63;885
1888;12;645
1889;58;329
1890;23;131
1891;36;227
1892;13;396
1893;75;842
1894;63;244
1895;58;654
1896;70;553
1897;10;141
1898;32;936
1899;25;678
1900;25;288
1901;11;257
1902;61;737
1903;46;389
1904;14;86
1905;16;948
1906;10;78
1907;75;718
1908;49;434
1909;10;15
1910;78;37
1911;23;391
1912;77;876
1913;21;516
1914;35;980
1915;47;516
1916;1;36
1917;31;329
1918;67;700
1919;38;898
1920;50;415
1921;21;605
1922;18;306
1923;77;572
1924;52;124
1925;13;590
1926;54;299
1927;77;209
1928;50;475
1929;52;39
1930;4;689
1931;74;592
1932;2;193
1933;2;347
1934;78;263
1935;39;905
1936;19;716
1937;68;715
1938;27;734
1939;16;862
1940;14;87
1941;21;482
1942;57;163
1943;73;339
1944;12;288
1945;77;675
1946;15;481
1947;30;297
1948;23;507
1949;38;126
1950;78;900
1951;74;774
1952;77;303
1953;21;375
1954;39;362
1955;3;738
1956;33;455
1957;68;657
1958;45;810
1959;10;292
1960;55;909
1961;71;811
1962;37;996
1963;57;689
1964;78;277
1965;56;783
1966;77;729
1967;48;642
1968;18;729
1969;66;893
1970;12;186
1971;67;789
1972;1;116
1973;66;343
1974;76;515
1975;17;374
1976;52;776
1977;58;535
1978;54;683
1979;32;613
1980;70;43
1981;56;237
1982;54;740
1983;31;228
1984;12;536
1985;53;104
1986;51;162
1987;64;982
1988;53;289
1989;2;213
1990;58;429
1991;30;29
1992;64;966
1993;58;383
1994;63;639
1995;24;569
1996;11;217
1997;22;747
1998;62;890
1999;6;558
2000;29;279
2001;69;504
2002;70;907
2003;56;834
2004;36;37
2005;61;657
2006;53;401
2007;47;934
2008;53;41
2009;59;788
2010;21;982
2011;42;545
2012;71;77
2013;7;606
2014;31;637
2015;10;738
2016;4;700
2017;40;338
2018;73;643
2019;48;19
2020;12;606
2021;20;411
2022;69;760
2023;1;808
2024;39;526
2025;17;475
2026;15;764
2027;55;149
2028;1;80
2029;39;122
2030;9;588
2031;31;896
2032;70;396
2033;21;975
2034;73;884
2035;77;952
2036;13;820
2037;5;927
2038;11;919
2039;34;948
2040;45;89
2041;39;407
2042;68;508
2043;27;109
2044;55;49
2045;28;358
2046;2;260
2047;53;649
2048;47;420
2049;65;528
2050;18;607
2051;50;997
2052;49;372
2053;23;514
2054;30;114
2055;29;797
2056;61;758
2057;35;381
2058;51;3
2059;48;748
2060;15;985
2061;46;428
2062;57;235
2063;46;936
2064;41;150
2065;37;681
2066;39;65
2067;32;302
2068;11;434
2069;60;242
2070;25;424
2071;36;466
2072;33;91
2073;9;487
2074;62;679
2075;21;47
2076;5;686
2077;31;466
2078;74;472
2079;29;685
2080;67;62
2081;29;963
2082;54;862
2083;49;999
2084;65;649
2085;66;705
2086;44;169
2087;67;589
2088;18;714
2089;20;5
2090;61;818
2091;51;428
2092;67;449
2093;53;44
2094;77;712
2095;30;467
2096;26;147
2097;44;497
2098;6;648
2099;59;322
2100;3;552
2101;71;223
2102;63;112
2103;47;310
2104;34;810
2105;49;273
2106;19;75
2107;5;992
2108;11;971
2109;47;730
2110;26;743
2111;15;398
2112;44;480
2113;42;888
2114;42;220
2115;62;579
2116;55;127
2117;46;67
2118;17;102
2119;48;674
2120;24;572
2121;20;214
2122;55;780
2123;26;532
2124;57;128
2125;72;802
2126;12;445
2127;64;288
2128;68;36
2129;34;211
2130;34;244
2131;36;675
2132;10;920
2133;39;338
2134;61;752
2135;78;391
2136;28;881
2137;5;604
2138;44;138
2139;55;389
2140;23;644
2141;13;415
2142;4;613
2143;70;739
2144;28;871
2145;54;220
2146;65;412
2147;45;784
2148;30;155
2149;27;220
2150;33;422
2151;75;742
2152;59;486
2153;10;268
2154;55;712
2155;69;57
2156;70;459
2157;40;789
2158;64;178
2159;9;310
2160;77;215
2161;73;946
2162;75;46
2163;16;985
2164;73;957
2165;70;819
2166;29;543
2167;63;989
2168;40;524
2169;32;930
2170;32;782
2171;41;363
2172;57;569
2173;20;262
2174;25;149
2175;21;932
2176;34;651
2177;4;196
2178;16;287
2179;31;870
2180;22;250
2181;24;599
2182;33;540
2183;68;580
2184;25;418
2185;66;0
2186;72;344
2187;60;512
2188;77;233
2189;32;326
2190;44;851
2191;49;375
2192;56;108
2193;59;759
2194;59;203
2195;55;275
2196;6;719
2197;61;195
2198;15;92
2199;33;890
2200;48;656
2201;23;952
2202;18;619
2203;71;480
2204;1;623
2205;4;477
2206;62;23
2207;5;877
2208;18;744
2209;36;206
2210;17;1
2211;30;655
2212;65;873
2213;71;580
2214;68;781
2215;65;995
2216;8;893
2217;56;1
2218;68;15
2219;41;594
2220;4;264
2221;42;367
2222;57;131
2223;71;144
2224;38;124
2225;28;897
2226;73;507
2227;44;246
2228;65;731
2229;70;769
2230;46;304
2231;43;362
2232;1;838
2233;66;319
2234;76;791
2235;2;166
2236;7;893
2237;67;16
2238;38;624
2239;72;72
2240;1;356
2241;39;199
2242;14;964
2243;64;50
2244;18;384
2245;46;704
2246;57;894
2247;52;48
2248;34;323
2249;20;577
2250;73;159
2251;36;249
2252;5;996
2253;6;531
2254;0;521
2255;33;886
2256;30;561
2257;38;326
2258;11;196
2259;28;788
2260;9;660
2261;52;97
2262;53;389
2263;3;56
2264;12;55
2265;29;864
2266;12;578
2267;76;418
2268;22;518
2269;31;367
2270;27;638
2271;76;875
2272;70;955
2273;60;108
2274;27;277
2275;27;465
2276;9;680
2277;28;895
2278;11;19
2279;70;113
2280;7;541
2281;40;440
2282;55;932
2283;51;609
2284;64;259
2285;41;720
2286;40;958
2287;25;205
2288;29;735
2289;46;122
2290;43;824
2291;71;513
2292;49;525
2293;42;458
2294;3;856
2295;1;899
2296;73;536
2297;40;225
2298;1;959
2299;26;525
2300;50;414
2301;26;117
2302;68;825
2303;9;539
2304;33;737
2305;22;611
2306;75;293
2307;61;773
2308;40;667
2309;72;747
2310;54;416
2311;26;563
2312;25;120
2313;13;547
2314;18;358
2315;6;835
2316;0;787
2317;34;70
2318;42;610
2319;71;595
2320;15;641
2321;59;551
2322;3;498
2323;36;85
2324;56;245
2325;39;970
2326;20;56
2327;68;183
2328;14;432
2329;39;747
2330;66;978
2331;17;849
2332;36;288
2333;54;280
2334;53;305
2335;45;567
2336;44;141
2337;59;127
2338;38;466
2339;69;746
2340;55;603
2341;45;402
2342;52;107
2343;26;87
2344;38;436
2345;59;981
2346;9;89
2347;30;669
2348;24;777
2349;52;575
2350;5;250
2351;10;803
2352;21;616
2353;68;175
2354;12;503
2355;56;138
2356;34;373
2357;24;935
2358;45;716
2359;37;653
2360;13;84
2361;23;166
2362;23;208
2363;45;271
2364;37;903
2365;3;958
2366;36;361
2367;41;1
2368;9;583
2369;65;365
2370;72;470
2371;47;655
2372;77;630
2373;45;223
2374;4;338
2375;47;345
2376;66;289
2377;14;815
2378;36;296
2379;68;333
2380;19;526
2381;23;899
2382;31;357
2383;10;673
2384;0;638
2385;33;62
2386;58;444
2387;62;616
2388;45;467
2389;12;18
2390;66;897
2391;19;752
2392;47;590
2393;37;687
2394;11;960
2395;7;307
2396;75;38
2397;21;192
2398;4;755
2399;48;657
2400;26;826
2401;36;95
2402;13;743
2403;71;936
2404;42;504
2405;69;714
2406;3;639
2407;56;757
2408;32;550
2409;32;320
2410;11;926
2411;19;501
2412;55;276
2413;34;722
2414;39;167
2415;54;221
2416;25;858
2417;59;114
2418;52;818
2419;59;278
2420;16;200
2421;67;342
2422;17;340
2423;67;341
2424;6;917
2425;66;81
2426;59;877
2427;24;656
2428;61;249
2429;33;212
2430;8;543
2431;37;743
2432;34;827
2433;49;206
2434;12;218
2435;23;373
2436;45;39
2437;70;492
2438;54;383
2439;72;468
2440;33;588
2441;30;850
2442;67;826
2443;54;267
2444;19;760
2445;33;315
2446;21;212
2447;71;513
2448;34;796
2449;22;93
2450;49;267
2451;24;532
2452;70;874
2453;70;70
2454;56;736
2455;78;408
2456;27;914
2457;18;355
2458;19;287
2459;71;647
2460;54;204
2461;3;723
2462;73;662
2463;55;633
2464;19;944
2465;4;995
2466;27;13
2467;9;9
2468;2;839
2469;0;354
2470;54;513
2471;22;774
2472;50;729
2473;76;638
2474;42;503
2475;30;258
2476;19;909
2477;74;466
2478;60;335
2479;52;69
2480;50;229
2481;30;560
2482;35;105
2483;20;758
2484;12;898
2485;38;73
2486;60;212
2487;13;156
2488;53;30
2489;56;766
2490;22;74
2491;61;433
2492;46;409
2493;53;292
2494;51;615
2495;78;981
2496;78;147
2497;74;825
2498;69;994
2499;68;436
2500;21;12
2501;24;335
2502;74;894
2503;46;582
2504;49;168
2505;6;112
2506;48;3
2507;66;456
2508;59;415
2509;1;578
2510;40;357
2511;28;198
2512;75;846
2513;14;3
2514;73;509
2515;14;683
2516;9;254
2517;24;309
2518;37;119
2519;54;60
2520;77;926
2521;38;782
2522;40;1
2523;37;287
2524;30;966
2525;35;748
2526;41;689
2527;29;486
2528;69;783
2529;0;148
2530;0;422
2531;30;221
2532;73;687
2533;25;230
2534;11;153
2535;23;718
2536;71;145
2537;25;367
2538;38;631
2539;43;915
2540;37;447
2541;41;515
2542;6;257
2543;2;900
2544;10;973
2545;3;521
2546;38;542
2547;38;690
2548;61;810
2549;45;899
2550;62;267
2551;57;523
2552;48;250
2553;38;728
2554;3;176
2555;58;984
2556;8;272
2557;3;802
2558;18;578
2559;69;28
2560;26;259
2561;60;743
2562;42;65
2563;42;218
2564;8;982
2565;5;285
2566;47;482
2567;22;17
2568;44;433
2569;40;672
2570;35;693
2571;57;567
2572;13;778
2573;31;760
2574;9;902
2575;13;284
2576;61;379
2577;57;231
2578;33;439
2579;56;371
2580;42;290
2581;34;859
2582;6;673
2583;34;842
2584;29;60
2585;63;873
2586;72;412
2587;1;274
2588;7;973
2589;9;720
2590;28;812
2591;4;440
2592;27;188
2593;17;958
2594;1;451
2595;45;613
2596;25;349
2597;22;913
2598;76;382
2599;16;888
2600;38;41
2601;59;92
2602;17;919
2603;48;358
2604;52;184
2605;56;69
2606;10;706
2607;9;604
2608;4;951
2609;36;25
2610;24;334
2611;41;670
2612;20;273
2613;32;474
2614;62;958
2615;9;514
2616;47;948
2617;77;43
2618;67;61
2619;65;462
2620;73;262
2621;14;215
2622;45;720
2623;69;751
2624;59;789
2625;22;989
2626;35;564
2627;40;44
2628;70;89
2629;65;708
2630;66;954
2631;21;165
2632;67;728
2633;63;976
2634;78;355
2635;75;922
2636;19;186
2637;77;290
2638;55;247
2639;27;530
2640;1;49
2641;10;311
2642;36;832
2643;32;380
2644;18;557
2645;70;427
2646;48;125
2647;45;687
2648;43;870
2649;40;948
2650;37;348
2651;47;489
2652;42;465
2653;7;851
2654;16;548
2655;29;528
2656;43;701
2657;55;337
2658;25;172
2659;13;201
2660;19;186
2661;33;804
2662;30;992
2663;55;780
2664;5;481
2665;54;402
2666;63;146
2667;48;3
2668;58;687
2669;50;88
2670;34;391
2671;24;224
2672;55;258
2673;25;14
2674;73;707
2675;35;439
2676;16;692
2677;17;151
2678;5;781
2679;6;450
2680;26;535
2681;68;533
2682;29;192
2683;41;862
2684;14;54
2685;17;965
2686;35;604
2687;52;546
2688;14;642
2689;63;200
2690;0;35
2691;39;991
2692;43;302
2693;58;817
2694;53;370
2695;42;168
2696;8;831
2697;23;72
2698;47;565
2699;3;532
2700;28;513
2701;7;833
2702;66;837
2703;48;91
2704;55;439
2705;38;578
2706;34;946
2707;67;888
2708;54;55
2709;16;52
2710;76;524
2711;25;957
2712;4;209
2713;26;188
2714;67;818
2715;73;856
2716;43;397
2717;8;880
2718;47;41
2719;56;883
2720;12;356
2721;74;336
2722;6;40
2723;76;459
2724;10;755
2725;12;630
2726;37;260
2727;41;541
2728;27;132
2729;48;763
2730;35;760
2731;10;97
2732;38;496
2733;57;26
2734;3;195
2735;59;687
2736;27;614
2737;66;92
2738;41;965
2739;52;369
2740;44;360
2741;18;4
2742;55;867
2743;7;1
2744;17;204
2745;62;232
2746;42;757
2747;22;794
2748;68;961
2749;10;672
2750;38;18
2751;60;715
2752;67;109
2753;24;909
2754;41;647
2755;74;606
2756;4;210
2757;68;52
2758;62;581
2759;70;421
2760;36;328
2761;39;943
2762;31;945
2763;52;667
2764;41;815
2765;43;702
2766;12;519
2767;41;373
2768;75;555
2769;16;582
2770;41;801
2771;33;101
2772;55;477
2773;67;581
2774;66;855
2775;78;916
2776;3;37
2777;5;568
2778;63;29
2779;73;413
2780;12;819
2781;3;159
2782;26;531
2783;37;582
2784;32;340
2785;15;226
2786;15;837
2787;61;855
2788;27;405
2789;64;884
2790;22;524
2791;77;968
2792;46;509
2793;74;547
2794;31;901
2795;40;565
2796;38;94
2797;36;762
2798;4;566
2799;36;247
2800;61;698
2801;6;261
2802;19;624
2803;15;321
2804;64;823
2805;75;813
2806;41;74
2807;53;156
2808;18;321
2809;1;671
2810;62;107
2811;19;797
2812;58;789
2813;60;14
2814;19;883
2815;61;493
2816;0;408
2817;10;884
2818;27;943
2819;44;344
2820;55;466
2821;67;523
2822;38;455
2823;24;62
2824;19;747
2825;8;922
2826;5;924
2827;77;312
2828;9;736
2829;69;984
2830;72;148
2831;35;850
2832;37;436
2833;64;451
2834;69;836
2835;4;481
2836;20;589
2837;41;144
2838;51;733
2839;22;205
2840;38;211
2841;25;405
2842;76;274
2843;22;68
2844;4;674
2845;59;213
2846;9;833
2847;55;114
2848;25;854
2849;42;981
2850;45;262
2851;13;697
2852;7;246
2853;0;538
2854;62;673
2855;71;72
2856;49;640
2857;62;243
2858;49;875
2859;49;494
2860;28;409
2861;60;74
2862;21;232
2863;18;522
2864;39;462
2865;41;228
2866;28;956
2867;44;35
2868;59;142
2869;39;938
2870;12;591
2871;72;915
2872;71;964
2873;7;848
2874;69;281
2875;34;172
2876;62;629
2877;57;49
2878;53;491
2879;58;38
2880;2;796
2881;9;485
2882;76;482
2883;44;258
2884;42;645
2885;34;606
2886;64;218
2887;1;454
2888;61;341
2889;44;59
2890;15;933
2891;62;0
2892;11;173
2893;10;859
2894;31;67
2895;5;155
2896;37;767
2897;33;330
2898;52;897
2899;65;546
2900;62;45
2901;1;640
2902;63;162
2903;6;613
2904;71;729
2905;41;145
2906;35;600
2907;39;460
2908;72;236
2909;35;266
2910;52;802
2911;33;514
2912;38;792
2913;70;396
2914;69;625
2915;44;709
2916;28;891
2917;12;610
2918;23;65
2919;16;193
2920;54;287
2921;51;643
2922;41;449
2923;37;887
2924;39;27
2925;47;499
2926;67;378
2927;27;606
2928;61;497
2929;9;789
2930;61;872
2931;39;682
2932;36;42
2933;60;30
2934;60;32
2935;31;913
2936;58;660
2937;48;935
2938;68;882
2939;10;250
2940;76;247
2941;49;147
2942;51;605
2943;25;938
2944;40;548
2945;31;597
2946;31;210
2947;49;33
2948;3;578
2949;64;38
2950;25;487
2951;8;584
2952;0;469
2953;73;747
2954;38;885
2955;67;824
2956;50;482
2957;52;228
2958;57;926
2959;4;892
2960;77;317
2961;35;157
2962;8;96
2963;77;971
2964;45;813
2965;49;507
2966;75;253
2967;28;157
2968;23;998
2969;41;361
2970;13;22
2971;70;104
2972;24;735
2973;54;772
2974;50;910
2975;71;659
2976;68;580
2977;78;347
2978;67;676
2979;29;630
2980;58;217
2981;36;103
2982;71;950
2983;26;129
2984;40;450
2985;27;92
2986;69;680
2987;48;591
2988;38;277
2989;71;551
2990;76;220
2991;7;943
2992;18;937
2993;72;257
2994;43;916
2995;63;481
2996;25;744
2997;50;494
2998;10;128
2999;5;710
3000;43;414
3001;10;908
3002;2;45
3003;76;992
3004;57;580
3005;55;542
3006;24;876
3007;56;349
3008;68;44
3009;59;496
3010;34;581
3011;53;349
3012;34;402
3013;21;710
3014;12;137
3015;26;36
3016;73;355
3017;6;675
3018;62;35
3019;13;155
3020;50;88
3021;74;645
3022;12;791
3023;23;993
3024;11;568
3025;63;535
3026;1;877
3027;44;605
3028;77;807
3029;56;585
3030;28;163
3031;10;695
3032;72;503
3033;65;260
3034;73;107
3035;68;104
3036;60;284
3037;11;875
3038;37;298
3039;29;753
3040;17;477
3041;58;881
3042;9;90
3043;29;842
3044;64;552
3045;33;382
3046;1;294
3047;22;216
3048;40;100
3049;67;965
3050;6;464
3051;70;517
3052;55;857
3053;10;558
3054;2;682
3055;2;579
3056;52;564
3057;40;244
3058;3;429
3059;69;529
3060;39;590
3061;41;699
3062;65;669
3063;54;598
3064;59;537
3065;72;34
3066;7;188
3067;78;566
3068;63;587
3069;62;171
3070;77;592
3071;78;914
3072;60;150
3073;52;589
3074;48;944
3075;56;547
3076;38;558
3077;23;75
3078;7;776
3079;49;647
3080;2;3
3081;0;197
3082;45;546
3083;35;856
3084;10;151
3085;54;272
3086;62;471
3087;16;715
3088;54;573
3089;70;230
3090;48;730
3091;41;418
3092;60;706
3093;74;816
3094;28;378
3095;43;204
3096;9;631
3097;54;569
3098;29;880
3099;36;49
3100;21;942
3101;55;417
3102;55;281
3103;41;439
3104;3;853
3105;35;472
3106;51;826
3107;53;173
3108;49;2
3109;0;412
3110;7;956
3111;53;869
3112;2;134
3113;4;402
3114;46;945
3115;26;368
3116;64;806
3117;40;150
3118;46;989
3119;51;807
3120;35;684
3121;45;619
3122;44;184
3123;62;180
3124;55;855
3125;48;14
3126;33;799
3127;10;502
3128;0;222
3129;70;507
3130;3;229
3131;7;981
3132;61;573
3133;6;257
3134;12;189
3135;1;571
3136;25;157
3137;37;635
3138;68;371
3139;29;71
3140;27;582
3141;56;14
3142;78;86
3143;30;338
3144;62;813
3145;77;253
3146;26;344
3147;53;666
3148;4;756
3149;33;490
3150;51;694
3151;52;809
3152;10;155
3153;73;933
3154;69;948
3155;39;927
3156;42;108
3157;46;854
3158;5;10
3159;43;980
3160;39;358
3161;74;662
3162;10;978
3163;17;378
3164;38;286
3165;49;136
3166;49;26
3167;18;749
3168;40;361
3169;3;384
3170;47;181
3171;21;672
3172;76;616
3173;33;234
3174;76;206
3175;72;50
3176;76;258
3177;69;87
3178;41;242
3179;68;901
3180;10;891
3181;25;97
3182;51;563
3183;70;761
3184;49;512
3185;54;388
3186;4;10
3187;10;609
3188;33;168
3189;23;69
3190;56;936
3191;43;192
3192;74;591
3193;71;363
3194;12;721
3195;53;932
3196;65;780
3197;64;493
3198;16;186
3199;72;394
3200;35;991
3201;50;629
3202;23;64
3203;50;283
3204;47;909
3205;43;965
3206;21;644
3207;18;833
3208;36;22
3209;73;505
3210;42;209
3211;77;75
3212;6;241
3213;63;446
3214;57;760
3215;12;220
3216;1;796
3217;49;429
3218;42;162
3219;46;799
3220;49;841
3221;54;362
3222;25;481
3223;9;692
3224;0;111
3225;68;648
3226;41;474
3227;10;301
3228;71;405
3229;43;680
3230;78;371
3231;25;667
3232;65;778
3233;5;171
3234;37;401
3235;45;386
3236;47;96
3237;19;382
3238;63;852
3239;68;349
3240;65;213
3241;13;259
3242;2;695
3243;20;932
3244;43;245
3245;25;99
3246;42;991
3247;11;648
3248;35;414
3249;54;628
3250;29;964
3251;25;359
3252;25;748
3253;38;179
3254;20;17
3255;42;966
3256;27;75
3257;7;138
3258;32;678
3259;38;609
3260;55;41
3261;24;18
3262;34;308
3263;27;846
3264;47;327
3265;73;797
3266;46;775
3267;76;515
3268;16;267
3269;12;669
3270;56;141
3271;77;676
3272;25;781
3273;8;153
3274;72;497
3275;23;256
3276;73;620
3277;62;556
3278;36;867
3279;73;91
3280;5;973
3281;10;526
3282;77;577
3283;45;921
3284;7;174
3285;44;174
3286;67;559
3287;20;896
3288;67;454
3289;76;891
3290;0;904
3291;74;110
3292;23;495
3293;58;88
3294;54;70
3295;42;712
3296;69;421
3297;31;856
3298;17;825
3299;35;312
3300;52;213
3301;53;234
3302;1;400
3303;13;42
3304;44;504
3305;60;640
3306;21;607
3307;59;39
3308;2;811
3309;33;809
3310;55;149
3311;5;798
3312;13;521
3313;8;27
3314;44;644
3315;77;864
3316;8;94
3317;68;602
3318;19;600
3319;51;24
3320;60;783
3321;23;924
3322;73;371
3323;74;607
3324;18;440
3325;4;467
3326;42;39
3327;61;575
3328;57;297
3329;61;2
3330;73;608
3331;64;444
3332;45;67
3333;17;37
3334;14;517
3335;30;745
3336;51;127
3337;9;433
3338;48;876
3339;36;358
3340;59;884
3341;17;731
3342;31;966
3343;15;771
3344;76;298
3345;19;261
3346;23;530
3347;38;133
3348;71;174
3349;0;663
3350;70;915
3351;41;590
3352;54;422
3353;34;4
3354;38;952
3355;57;901
3356;53;463
3357;33;560
3358;55;468
3359;17;406
3360;58;856
3361;42;724
3362;55;685
3363;2;853
3364;3;195
3365;70;169
3366;75;597
3367;65;470
3368;27;466
3369;16;136
3370;9;599
3371;41;972
3372;13;923
3373;28;227
3374;52;495
3375;6;640
3376;56;250
3377;2;172
3378;40;229
3379;34;156
3380;70;539
3381;12;569
3382;24;270
3383;27;834
3384;67;288
3385;16;783
3386;32;11
3387;11;842
3388;22;734
3389;6;952
3390;47;468
3391;53;153
3392;14;950
3393;70;20
3394;72;364
3395;72;625
3396;67;427
3397;68;514
3398;12;8
3399;7;341
3400;18;750
3401;23;507
3402;34;741
3403;20;934
3404;1;536
3405;16;88
3406;40;652
3407;40;971
3408;45;711
3409;68;773
3410;42;310
3411;73;713
3412;55;300
3413;38;63
3414;25;829
3415;10;176
3416;15;346
3417;55;939
3418;78;252
3419;75;693
3420;30;90
3421;74;854
3422;57;46
3423;42;215
3424;78;751
3425;67;817
3426;59;905
3427;68;750
3428;59;103
3429;8;576
3430;34;451
3431;75;257
3432;10;200
3433;9;485
3434;26;429
3435;39;126
3436;29;531
3437;17;849
3438;61;853
3439;5;111
3440;9;714
3441;41;231
3442;30;951
3443;46;575
3444;11;428
3445;77;189
3446;38;291
3447;57;530
3448;42;676
3449;22;468
3450;46;737
3451;16;521
3452;44;682
3453;51;329
3454;37;92
3455;30;233
3456;59;805
3457;6;253
3458;42;983
3459;5;227
3460;63;920
3461;56;993
3462;67;508
3463;78;773
3464;42;844
3465;13;522
3466;8;393
3467;73;150
3468;56;81
3469;13;775
3470;65;485
3471;61;938
3472;71;236
3473;34;578
3474;49;730
3475;47;28
3476;67;202
3477;29;89
3478;19;745
3479;51;231
3480;21;576
3481;33;532
3482;20;978
3483;49;610
3484;73;932
3485;57;559
3486;16;511
3487;25;266
3488;58;337
3489;9;32
3490;52;410
3491;47;450
3492;27;97
3493;10;860
3494;13;154
3495;36;745
3496;78;648
3497;8;233
3498;65;693
3499;33;12
3500;61;286
3501;68;731
3502;77;34
3503;55;875
3504;41;495
3505;7;618
3506;50;472
3507;27;476
3508;24;622
3509;29;17
3510;77;550
3511;13;942
3512;44;869
3513;51;171
3514;18;480
3515;3;376
3516;63;994
3517;54;996
3518;19;533
3519;4;767
3520;12;300
3521;43;529
3522;32;560
3523;73;841
3524;55;734
3525;36;456
3526;32;832
3527;78;665
3528;55;266
3529;69;127
3530;23;616
3531;63;852
3532;75;880
3533;24;834
3534;58;126
3535;21;287
3536;46;985
3537;57;183
3538;36;979
3539;43;697
3540;29;63
3541;40;490
3542;55;509
3543;24;232
3544;36;831
3545;59;676
3546;41;798
3547;14;313
3548;30;251
3549;78;212
3550;59;287
3551;37;647
3552;57;839
3553;14;452
3554;13;164
3555;24;486
3556;36;652
3557;71;766
3558;7;730
3559;53;217
3560;2;46
3561;56;344
3562;55;232
3563;57;297
3564;52;14
3565;17;988
3566;39;545
3567;75;637
3568;43;993
3569;17;36
3570;66;87
3571;74;41
3572;40;784
3573;54;562
3574;49;243
3575;7;155
3576;20;178
3577;54;480
3578;16;851
3579;44;225
3580;75;406
3581;31;288
3582;51;797
3583;25;617
3584;73;89
3585;9;420
3586;72;705
3587;20;186
3588;29;643
3589;29;73
3590;6;70
3591;12;44
3592;61;182
3593;51;39
3594;77;135
3595;44;502
3596;14;522
3597;28;687
3598;11;55
3599;30;708
3600;56;858
3601;68;745
3602;64;626
3603;75;910
3604;61;328
3605;74;673
3606;50;333
3607;47;796
3608;12;599
3609;67;917
3610;16;256
3611;33;148
3612;64;737
3613;43;968
3614;70;356
3615;56;875
3616;56;962
3617;47;949
3618;20;830
3619;70;413
3620;5;330
3621;48;65
3622;67;891
3623;50;737
3624;53;829
3625;64;514
3626;78;562
3627;25;6
3628;62;368
3629;58;671
3630;67;70
3631;72;837
3632;61;424
3633;75;663
3634;54;963
3635;27;214
3636;68;75
3637;51;929
3638;66;408
3639;24;841
3640;3;531
3641;43;211
3642;31;984
3643;56;847
3644;30;276
3645;67;751
3646;2;138
3647;71;557
3648;45;495
3649;71;492
3650;29;70
3651;38;577
3652;23;23
3653;46;231
3654;33;54
3655;36;413
3656;2;681
3657;69;401
3658;38;272
3659;42;337
3660;43;936
3661;28;288
3662;39;544
3663;49;786
3664;4;693
3665;9;872
3666;2;449
3667;76;757
3668;77;123
3669;76;434
3670;78;76
3671;56;281
3672;5;233
3673;4;746
3674;25;478
3675;9;21
3676;1;612
3677;29;578
3678;39;577
3679;14;681
3680;16;892
3681;29;926
3682;11;92
3683;7;588
3684;77;781
3685;36;778
3686;23;42
3687;68;674
3688;22;830
3689;71;19
3690;43;86
3691;69;601
3692;60;308
3693;14;135
3694;61;202
3695;75;998
3696;71;146
3697;45;485
3698;17;96
3699;31;519
3700;28;137
3701;22;492
3702;51;217
3703;35;390
3704;20;600
3705;2;79
3706;58;999
3707;25;733
3708;51;129
3709;5;44
3710;22;179
3711;38;584
3712;50;534
3713;11;478
3714;76;806
3715;6;97
3716;16;317
3717;71;589
3718;30;294
3719;70;331
3720;17;382
3721;56;389
3722;7;55
3723;40;133
3724;37;633
3725;68;938
3726;60;972
3727;1;370
3728;4;322
3729;29;519
3730;19;923
3731;20;810
3732;76;462
3733;44;696
3734;73;560
3735;78;355
3736;69;346
3737;19;579
3738;75;193
3739;55;376
3740;69;363
3741;60;674
3742;44;420
3743;17;932
3744;8;255
3745;11;198
3746;51;684
3747;5;134
3748;4;323
3749;39;422
3750;1;446
3751;27;314
3752;27;281
3753;25;651
3754;10;133
3755;12;861
3756;73;821
3757;28;940
3758;0;56
3759;46;356
3760;48;980
3761;61;347
3762;11;600
3763;49;844
3764;14;866
3765;35;267
3766;54;657
3767;33;706
3768;22;484
3769;23;674
3770;29;810
3771;18;326
3772;28;322
3773;67;897
3774;6;293
3775;73;127
3776;75;268
3777;26;933
3778;13;751
3779;44;238
3780;32;385
3781;26;282
3782;64;917
3783;55;972
3784;13;746
3785;31;330
3786;4;633
3787;62;219
3788;19;51
3789;65;985
3790;35;459
3791;55;491
3792;74;841
3793;28;536
3794;8;442
3795;36;250
3796;30;656
3797;50;103
3798;15;574
3799;64;875
3800;72;245
3801;53;856
3802;68;813
3803;34;864
3804;31;882
3805;44;294
3806;24;608
3807;61;24
3808;63;120
3809;0;615
3810;36;198
3811;42;768
3812;22;356
3813;52;938
3814;59;921
3815;50;435
3816;75;2
3817;40;638
3818;5;118
3819;25;382
3820;20;587
3821;56;675
3822;41;553
3823;10;492
3824;2;886
3825;23;873
3826;31;957
3827;75;438
3828;20;796
3829;70;362
3830;6;527
3831;61;789
3832;55;434
3833;44;803
3834;47;25
3835;16;150
3836;56;812
3837;73;684
3838;31;836
3839;55;811
3840;42;994
3841;74;252
3842;0;93
3843;21;458
3844;66;382
3845;56;635
3846;55;49
3847;64;668
3848;28;450
3849;49;740
3850;33;868
3851;11;45
3852;44;282
3853;17;325
3854;13;620
3855;38;236
3856;58;785
3857;44;388
3858;74;498
3859;17;572
3860;19;521
3861;48;200
3862;67;21
3863;10;399
3864;12;463
3865;19;204
3866;1;954
3867;60;149
3868;44;858
3869;2;843
3870;6;578
3871;42;202
3872;53;245
3873;44;58
3874;17;20
3875;8;289
3876;58;648
3877;63;408
3878;46;745
3879;71;872
3880;67;135
3881;0;537
3882;24;268
3883;48;212
3884;64;405
3885;76;289
3886;31;377
3887;72;486
3888;1;106
3889;56;473
3890;74;483
3891;6;918
3892;50;383
3893;8;316
3894;30;77
3895;54;178
3896;4;670
3897;72;458
3898;20;3
3899;54;770
3900;44;504
3901;73;189
3902;45;10
3903;42;484
3904;0;730
3905;13;495
3906;16;106
3907;46;220
3908;0;691
3909;10;212
3910;12;719
3911;12;107
3912;13;816
3913;8;449
3914;11;639
3915;19;341
3916;57;932
3917;8;118
3918;36;557
3919;36;524
3920;78;164
3921;66;732
3922;36;156
3923;29;265
3924;54;551
3925;8;30
3926;11;581
3927;51;390
3928;44;525
3929;13;741
3930;25;433
3931;56;200
3932;65;205
3933;29;669
3934;65;954
3935;70;463
3936;33;223
3937;55;380
3938;51;755
3939;70;936
3940;11;389
3941;7;659
3942;71;421
3943;10;840
3944;17;359
3945;18;809
3946;61;991
3947;59;577
3948;44;333
3949;6;582
3950;69;10
3951;71;421
3952;7;809
3953;26;234
3954;13;203
3955;37;22
3956;3;316
3957;7;964
3958;31;606
3959;63;893
3960;27;76
3961;76;162
3962;78;67
3963;10;797
3964;41;46
3965;7;255
3966;38;232
3967;5;341
3968;21;695
3969;51;778
3970;75;226
3971;57;439
3972;22;892
3973;21;705
3974;77;805
3975;2;822
3976;68;89
3977;72;381
3978;66;978
3979;18;92
3980;62;821
3981;52;92
3982;69;883
3983;31;728
3984;77;567
3985;37;939
3986;13;88
3987;13;281
3988;64;781
3989;35;181
3990;16;701
3991;64;582
3992;49;424
3993;62;857
3994;69;453
3995;68;826
3996;57;787
3997;31;656
3998;29;96
3999;50;638
4000;76;332
4001;56;239
4002;35;845
4003;59;90
4004;72;36
4005;28;507
4006;51;427
4007;30;449
4008;29;495
4009;33;677
4010;3;375
4011;70;15
4012;58;244
4013;32;381
4014;71;886
4015;72;346
4016;3;525
4017;45;585
4018;38;669
4019;18;763
4020;61;717
4021;62;653
4022;13;309
4023;64;204
4024;0;674
4025;50;157
4026;70;462
4027;65;291
4028;68;471
4029;30;568
4030;32;787
4031;12;117
4032;23;834
4033;57;389
4034;59;405
4035;29;921
4036;42;216
4037;75;751
4038;9;390
4039;32;647
4040;66;333
4041;47;60
4042;55;132
4043;4;316
4044;49;43
4045;58;810
4046;68;858
4047;31;260
4048;40;558
4049;78;864
4050;7;847
4051;61;558
4052;46;117
4053;54;664
4054;2;177
4055;65;638
4056;51;192
4057;10;459
4058;51;670
4059;75;360
4060;20;312
4061;13;747
4062;10;393
4063;54;688
4064;5;764
4065;46;409
4066;56;365
4067;23;545
4068;0;945
4069;68;593
4070;52;803
4071;62;54
4072;18;353
4073;36;514
4074;20;984
4075;57;277
4076;15;602
4077;46;334
4078;28;333
4079;13;379
4080;58;956
4081;12;539
4082;37;676
4083;77;851
4084;48;117
4085;51;356
4086;19;401
4087;40;180
4088;73;56
4089;66;242
4090;72;819
4091;44;836
4092;74;127
4093;52;595
4094;62;645
4095;39;433
4096;0;717
4097;34;240
4098;43;63
4099;77;28
4100;45;315
4101;23;259
4102;22;747
4103;69;170
4104;32;526
4105;8;214
4106;45;215
4107;21;324
4108;77;509
4109;61;938
4110;2;906
4111;60;535
4112;53;196
4113;25;554
4114;27;865
4115;29;147
4116;2;684
4117;23;437
4118;74;91
4119;42;78
4120;48;70
4121;37;133
4122;0;653
4123;42;457
4124;44;808
4125;24;76
4126;62;945
4127;42;577
4128;42;200
4129;7;393
4130;2;334
4131;29;163
4132;4;607
4133;4;231
4134;23;194
4135;17;410
4136;68;967
4137;28;549
4138;15;522
4139;28;52
4140;17;65
4141;23;336
4142;69;956
4143;74;977
4144;74;578
4145;46;427
4146;77;183
4147;24;836
4148;74;219
4149;65;843
4150;39;44
4151;62;392
4152;5;802
4153;15;921
4154;12;591
4155;60;227
4156;70;76
4157;1;760
4158;66;961
4159;23;376
4160;66;154
4161;47;385
4162;51;727
4163;48;141
4164;45;921
4165;10;344
4166;68;646
4167;64;778
4168;28;502
4169;77;847
4170;68;144
4171;56;50
4172;58;953
4173;59;32
4174;3;784
4175;47;894
4176;53;17
4177;66;21
4178;28;856
4179;36;517
4180;69;916
4181;64;93
4182;0;11
4183;74;299
4184;54;315
4185;42;903
4186;23;375
4187;23;767
4188;44;772
4189;25;193
4190;23;421
4191;48;132
4192;5;160
4193;74;624
4194;64;437
4195;45;323
4196;33;412
4197;34;330
4198;11;156
4199;27;500
4200;31;688
4201;66;299
4202;70;991
4203;37;44
4204;31;737
4205;11;964
4206;75;652
4207;42;739
4208;29;594
4209;27;495
4210;0;984
4211;18;356
4212;78;295
4213;70;343
4214;52;490
4215;75;17
4216;51;4
4217;60;918
4218;76;430
4219;59;432
4220;5;220
4221;52;86
4222;39;653
4223;74;286
4224;11;79
4225;15;772
4226;72;410
4227;17;901
4228;71;480
4229;47;229
4230;58;187
4231;41;819
4232;75;772
4233;75;964
4234;75;843
4235;40;399
4236;10;309
4237;64;430
4238;27;470
4239;65;164
4240;75;805
4241;73;331
4242;66;901
4243;14;575
4244;48;387
4245;32;322
4246;32;331
4247;46;199
4248;5;628
4249;58;256
4250;25;468
4251;34;55
4252;36;826
4253;27;470
4254;39;562
4255;35;458
4256;4;52
4257;70;338
4258;14;487
4259;74;937
4260;72;685
4261;35;250
4262;38;680
4263;18;357
4264;47;997
4265;74;627
4266;41;294
4267;11;571
4268;68;945
4269;50;550
4270;52;819
4271;42;707
4272;51;532
4273;40;54
4274;32;182
4275;73;647
4276;44;36
4277;23;659
4278;43;58
4279;11;41
4280;74;210
4281;6;283
4282;51;157
4283;73;241
4284;38;17
4285;1;983
4286;42;461
4287;56;186
4288;13;31
4289;33;41
4290;72;690
4291;28;383
4292;12;209
4293;71;473
4294;66;312
4295;44;529
4296;25;739
4297;57;389
4298;5;479
4299;50;352
4300;30;875
4301;63;47
4302;6;860
4303;28;391
4304;20;904
4305;35;117
4306;50;222
4307;34;469
4308;39;0
4309;11;549
4310;34;983
4311;37;450
4312;0;651
4313;25;776
4314;37;490
4315;25;22
4316;36;274
4317;46;446
4318;18;804
4319;56;885
4320;60;544
4321;77;441
4322;29;818
4323;38;224
4324;32;155
4325;34;654
4326;77;947
4327;72;748
4328;8;507
4329;6;349
4330;66;385
4331;38;656
4332;64;21
4333;73;583
4334;72;256
4335;44;264
4336;51;896
4337;18;652
4338;14;562
4339;61;283
4340;6;242
4341;14;628
4342;33;697
4343;63;722
4344;45;458
4345;47;94
4346;78;938
4347;77;448
4348;4;812
4349;51;215
4350;61;702
4351;21;95
4352;16;630
4353;19;503
4354;15;350
4355;50;819
4356;42;678
4357;72;277
4358;53;23
4359;15;301
4360;47;537
4361;6;58
4362;26;554
4363;76;81
4364;71;244
4365;13;507
4366;28;26
4367;66;866
4368;54;908
4369;9;654
4370;8;842
4371;0;554
4372;29;461
4373;18;768
4374;19;702
4375;57;842
4376;13;58
4377;31;825
4378;34;932
4379;35;76
4380;27;494
4381;35;207
4382;76;399
4383;65;822
4384;19;784
4385;33;549
4386;1;60
4387;47;936
4388;78;442
4389;49;505
4390;57;525
4391;9;887
4392;74;608
4393;28;538
4394;36;665
4395;58;164
4396;4;517
4397;36;875
4398;45;919
4399;70;578
4400;44;683
4401;55;341
4402;34;411
4403;76;166
4404;2;598
4405;39;905
4406;39;242
4407;44;985
4408;50;632
4409;56;776
4410;69;755
4411;78;532
4412;2;261
4413;26;608
4414;70;251
4415;21;329
4416;65;698
4417;27;198
4418;36;576
4419;21;982
4420;46;26
4421;63;278
4422;21;176
4423;61;315
4424;49;60
4425;49;279
4426;16;740
4427;38;583
4428;51;13
4429;17;201
4430;57;337
4431;28;380
4432;24;887
4433;55;154
4434;68;309
4435;55;215
4436;33;790
4437;68;311
4438;24;298
4439;47;653
4440;33;325
4441;41;398
4442;36;361
4443;47;782
4444;53;48
4445;70;373
4446;73;737
4447;11;917
4448;78;344
4449;27;618
4450;44;521
4451;1;75
4452;12;800
4453;15;862
4454;11;316
4455;39;780
4456;52;828
4457;35;197
4458;23;121
4459;25;764
4460;22;238
4461;23;856
4462;4;506
4463;53;709
4464;47;921
4465;16;577
4466;14;169
4467;36;778
4468;23;331
4469;43;270
4470;70;97
4471;73;782
4472;16;756
4473;11;989
4474;37;670
4475;66;843
4476;42;817
4477;67;389
4478;17;122
4479;2;631
4480;50;414
4481;78;334
4482;41;296
4483;22;342
4484;31;602
4485;9;119
4486;56;737
4487;42;330
4488;39;523
4489;38;588
4490;52;931
4491;9;697
4492;32;653
4493;67;548
4494;24;174
4495;58;315
4496;30;803
4497;39;542
4498;4;438
4499;47;267
4500;10;169
4501;42;929
4502;8;668
4503;19;536
4504;40;437
4505;66;112
4506;65;819
4507;22;544
4508;18;154
4509;34;547
4510;34;507
4511;49;741
4512;76;340
4513;63;128
4514;55;724
4515;37;731
4516;41;608
4517;19;31
4518;22;699
4519;31;667
4520;44;668
4521;44;391
4522;29;513
4523;68;792
4524;27;720
4525;27;739
4526;50;753
4527;73;836
4528;41;43
4529;65;367
4530;72;278
4531;40;307
4532;22;127
4533;27;592
4534;25;77
4535;75;202
4536;30;126
4537;39;263
4538;1;231
4539;38;199
4540;19;829
4541;64;944
4542;53;820
4543;51;834
4544;71;951
4545;31;42
4546;38;504
4547;9;800
4548;69;965
4549;41;824
4550;2;109
4551;23;748
4552;43;805
4553;63;831
4554;69;909
4555;54;325
4556;66;928
4557;22;286
4558;18;65
4559;3;895
4560;62;2
4561;56;775
4562;0;264
4563;47;30
4564;30;688
4565;53;394
4566;58;353
4567;77;429
4568;77;814
4569;35;813
4570;29;527
4571;25;433
4572;34;948
4573;33;20
4574;74;579
4575;65;855
4576;44;476
4577;28;438
4578;68;853
4579;17;532
4580;55;712
4581;32;34
4582;50;414
4583;71;773
4584;44;916
4585;68;491
4586;41;149
4587;3;541
4588;30;927
4589;15;280
4590;7;40
4591;33;337
4592;31;943
4593;51;808
4594;70;519
4595;11;491
4596;51;672
4597;34;7
4598;22;384
4599;33;620
4600;40;851
4601;26;516
4602;57;224
4603;24;534
4604;56;923
4605;62;86
4606;32;702
4607;43;343
4608;56;952
4609;59;50
4610;24;561
4611;48;243
4612;19;364
4613;70;707
4614;17;875
4615;31;338
4616;65;19
4617;14;71
4618;9;698
4619;54;662
4620;49;345
4621;65;462
4622;23;120
4623;11;176
4624;12;142
4625;74;980
4626;68;331
4627;76;583
4628;15;97
4629;46;61
4630;54;560
4631;62;36
4632;39;88
4633;39;296
4634;73;946
4635;2;633
4636;2;787
4637;48;666
4638;3;323
4639;2;19
4640;47;869
4641;68;22
4642;50;750
4643;78;630
4644;68;950
4645;7;575
4646;52;943
4647;56;925
4648;42;955
4649;25;717
4650;14;662
4651;46;346
4652;23;597
4653;67;834
4654;10;234
4655;53;661
4656;18;64
4657;14;281
4658;68;530
4659;42;731
4660;4;204
4661;1;197
4662;67;169
4663;44;36
4664;15;294
4665;49;309
4666;63;860
4667;7;665
4668;8;171
4669;32;606
4670;67;511
4671;30;355
4672;69;641
4673;39;530
4674;8;757
4675;76;46
4676;51;439
4677;4;598
4678;53;962
4679;64;28
4680;73;16
4681;0;16
4682;1;718
4683;21;623
4684;25;290
4685;1;904
4686;39;428
4687;22;605
4688;75;457
4689;61;410
4690;39;433
4691;25;996
4692;43;82
4693;71;727
4694;32;856
4695;31;663
4696;75;908
4697;0;505
4698;24;724
4699;4;838
4700;15;421
4701;63;178
4702;68;671
4703;20;149
4704;74;250
4705;65;887
4706;38;81
4707;57;889
4708;12;781
4709;27;603
4710;10;643
4711;40;473
4712;55;974
4713;50;91
4714;38;592
4715;60;982
4716;8;885
4717;38;495
4718;44;851
4719;28;966
4720;30;226
4721;69;898
4722;47;618
4723;12;138
4724;43;243
4725;69;771
4726;20;749
4727;14;826
4728;18;92
4729;11;721
4730;78;801
4731;9;689
4732;35;302
4733;1;87
4734;25;832
4735;37;674
4736;62;587
4737;70;7
4738;75;423
4739;10;255
4740;37;298
4741;36;335
4742;44;671
4743;18;948
4744;70;158
4745;3;704
4746;28;125
4747;37;926
4748;11;745
4749;25;951
4750;43;560
4751;72;39
4752;19;989
4753;46;256
4754;78;797
4755;46;327
4756;51;76
4757;56;225
4758;26;154
4759;10;729
4760;15;517
4761;73;318
4762;75;924
4763;64;163
4764;67;56
4765;59;3
4766;72;74
4767;76;336
4768;59;616
4769;4;419
4770;19;576
4771;63;548
4772;25;932
4773;68;582
4774;50;642
4775;58;207
4776;32;318
4777;8;491
4778;43;136
4779;10;934
4780;57;275
4781;13;54
4782;8;92
4783;61;691
4784;51;870
4785;37;292
4786;26;678
4787;3;234
4788;42;282
4789;72;128
4790;51;127
4791;74;237
4792;37;994
4793;28;371
4794;9;249
4795;17;411
4796;27;291
4797;22;384
4798;62;135
4799;30;186
4800;78;907
4801;55;690
4802;24;714
4803;44;712
4804;10;43
4805;43;283
4806;72;124
4807;23;773
4808;38;64
4809;38;213
4810;17;48
4811;32;635
4812;37;405
4813;17;158
4814;50;751
4815;31;966
4816;42;270
4817;74;21
4818;34;161
4819;20;860
4820;68;809
4821;52;667
4822;48;786
4823;50;94
4824;65;834
4825;41;624
4826;51;975
4827;9;480
4828;64;557
4829;20;173
4830;29;15
4831;66;431
4832;56;48
4833;8;680
4834;64;702
4835;2;481
4836;76;298
4837;48;8
4838;20;457
4839;37;726
4840;64;960
4841;66;116
4842;15;821
4843;67;448
4844;50;374
4845;73;904
4846;67;162
4847;40;443
4848;19;846
4849;60;822
4850;54;177
4851;39;103
4852;19;175
4853;18;422
4854;49;433
4855;50;759
4856;59;275
4857;12;104
4858;73;822
4859;23;93
4860;4;77
4861;22;749
4862;43;101
4863;0;603
4864;3;675
4865;30;710
4866;13;938
4867;40;25
4868;52;307
4869;9;406
4870;14;600
4871;65;490
4872;16;79
4873;66;883
4874;56;470
4875;22;397
4876;71;91
4877;69;956
4878;34;936
4879;72;90
4880;1;927
4881;56;554
4882;5;824
4883;11;906
4884;64;915
4885;70;321
4886;63;952
4887;77;6
4888;35;396
4889;8;676
4890;8;689
4891;28;245
4892;37;676
4893;63;296
4894;65;945
4895;2;588
4896;18;595
4897;76;671
4898;61;945
4899;0;826
4900;42;362
4901;40;446
4902;21;635
4903;31;382
4904;8;870
4905;44;911
4906;51;437
4907;72;739
4908;63;998
4909;12;972
4910;6;167
4911;38;589
4912;21;147
4913;70;250
4914;38;731
4915;73;856
4916;35;700
4917;58;907
4918;55;728
4919;73;856
4920;40;62
4921;36;936
4922;70;312
4923;7;584
4924;22;592
4925;21;226
4926;17;754
4927;7;577
4928;36;227
4929;28;119
4930;41;276
4931;9;364
4932;11;687
4933;19;435
4934;68;806
4935;28;63
4936;7;342
4937;17;633
4938;5;450
4939;59;301
4940;13;177
4941;55;587
4942;60;318
4943;74;494
4944;76;619
4945;56;168
4946;4;772
4947;46;201
4948;37;235
4949;69;858
4950;10;565
4951;45;764
4952;57;842
4953;65;952
4954;55;807
4955;72;42
4956;23;70
4957;20;379
4958;2;106
4959;0;556
4960;59;480
4961;61;352
4962;8;204
4963;42;994
4964;15;259
4965;1;205
4966;52;277
4967;19;403
4968;72;697
4969;34;111
4970;43;463
4971;55;778
4972;31;277
4973;51;238
4974;38;599
4975;27;289
4976;12;839
4977;28;591
4978;67;606
4979;77;318
4980;45;125
4981;49;830
4982;78;711
4983;0;422
4984;51;721
4985;76;796
4986;39;953
4987;35;949
4988;12;487
4989;64;255
4990;60;427
4991;25;44
4992;71;98
4993;72;786
4994;2;542
4995;52;21
4996;29;388
4997;29;486
4998;61;940
4999;64;674
